{
    "LINE": {
        "Ochiai": {
            "p@1": 0.2210180564479665,
            "r@1": 0.13466598867352636,
            "p@3": 0.21268472311463313,
            "r@3": 0.14386241724495497,
            "p@5": 0.17810138978129983,
            "r@5": 0.1566005124830502,
            "p@10": 0.12095853263844272,
            "r@10": 0.1721957505782883
        },
        "Tarantula": {
            "p@1": 0.2675162781432836,
            "r@1": 0.14846446875738384,
            "p@3": 0.25084961147661694,
            "r@3": 0.15805659963489205,
            "p@5": 0.21959961147661702,
            "r@5": 0.17521817495684475,
            "p@10": 0.14412342100042647,
            "r@10": 0.1885492621086866
        },
        "Jaccard": {
            "p@1": 0.2210180564479665,
            "r@1": 0.13466598867352636,
            "p@3": 0.22101805644796646,
            "r@3": 0.14398034177325683,
            "p@5": 0.18310138978129983,
            "r@5": 0.1567184370113521,
            "p@10": 0.12345853263844273,
            "r@10": 0.17231367510659018
        }
    }
}